correct bias, correct coupling 0, time bias, time coupling 0, time variance, exercise name
-0.314009383706 , -0.0439032852681 , 2.89770546745 , -0.026856659477 , 0.288583670285 , area_of_parallelograms
-0.258042138565 , 0.0223408326995 , 2.93539140324 , -0.0158811108926 , 0.319578081379 , prime_numbers
-0.201968874949 , -0.0232373001365 , 1.54706932817 , 0.0713343996505 , 1.84432109059 , converting_percents_to_decimals
-0.195383509844 , 0.0185279948414 , 2.05230845003 , 0.00729349289228 , 1.505845295 , adding_decimals_2
-0.194528723765 , 0.0582349532855 , 2.06475409497 , 0.0306507987893 , 1.51461822486 , adding_and_subtracting_negative_numbers
-0.155516635323 , -0.0442770812135 , 2.93279635128 , 0.0665381558453 , 0.305511757263 , parallel_lines_1
-0.120822901434 , 0.00897274869019 , 1.26000970709 , -0.0346109226662 , 1.90688897673 , recognizing_fractions_0.5
-0.114311721386 , 0.0724773725466 , 2.91206956824 , 0.0162030819966 , 0.316359264404 , reading_bar_charts_1
-0.102972930454 , -0.00302379798902 , 0.982323886226 , -0.0491493377303 , 1.93657078002 , area_of_a_circle
-0.0937323137424 , 0.054737052979 , 1.01197718938 , 0.00521297941176 , 1.94053349106 , equation_of_a_hyperbola
-0.0858930687628 , -0.00553000010764 , 0.330156244409 , 0.0165214618332 , 1.52828127457 , matrix_determinant
-0.0755146560425 , 0.121340195988 , 1.09298522055 , -0.0428952234872 , 1.93688587088 , addition_1
-0.0742929857819 , 0.00428956084198 , 1.57031387018 , 0.0791045223045 , 1.87100202561 , adding_negative_numbers
-0.0723837423451 , -0.00703517177472 , 0.706534721161 , 0.0458441707043 , 1.87359439805 , subtracting_decimals_0.5
-0.0723364006125 , 0.00405782896925 , 2.91924188754 , 0.01421580326 , 0.29270442469 , fractions_on_the_number_line_2
-0.0716712570116 , -0.0288770733494 , 2.68835749029 , 0.0309499527591 , 0.581902467714 , subtracting_fractions_with_common_denominators
-0.0696640204872 , -0.0119078715017 , 0.897191078626 , 0.0636149434851 , 1.92867503178 , understanding_moving_the_decimal
-0.06710312432 , -0.00531885478485 , 0.289831686327 , 0.0281828999386 , 1.49862273415 , one_step_inequalities
-0.0657210506574 , 0.0220586087963 , 0.455041365003 , -0.0773395281687 , 1.71986226799 , ordering_numbers
-0.0628283561055 , 0.0885033285155 , 1.4235540252 , 0.045191377443 , 1.85053947773 , simplifying_fractions
-0.0627095494278 , -0.0241111867444 , 0.739397745093 , 0.0664547919659 , 1.84260294254 , subtraction_3
-0.0590491755761 , 0.0401667347353 , 1.13120787302 , 0.10317882662 , 1.96499955931 , linear_equations_2
-0.0590363406343 , -0.0417290194301 , 2.41051741733 , 0.00162673303369 , 1.10013989826 , logarithms_2
-0.0566605084843 , -0.00483962393216 , 0.433907759293 , -0.0733921131814 , 1.68064014645 , triangle_inequality_theorem
-0.0565231154624 , -0.0247761225806 , 0.432888694882 , 0.0168565433272 , 1.6579240051 , ordering_improper_fractions_and_mixed_numbers
-0.056167793924 , 0.00574985048237 , 0.499308568445 , 0.0683594935843 , 1.70248220816 , direct_and_inverse_variation
-0.0527198838442 , -0.0144922046646 , 0.851750615574 , 0.0171731035363 , 1.90935836602 , evaluating_expressions_2
-0.0515768677963 , -0.0899026963409 , 2.90135336926 , -0.0581859717548 , 0.297961716546 , equation_of_a_circle_1
-0.0502999018341 , -0.00172113852989 , 1.08333180373 , 0.0383542539505 , 1.94812624848 , reading_tables_1
-0.0496711540008 , 0.00660499307476 , 1.14151590125 , -0.0364271419432 , 1.97034996498 , decimals_on_the_number_line_1
-0.0495768620055 , -0.0582974888274 , 2.60064606915 , 0.0707755962792 , 0.807102548571 , combining_like_terms_1
-0.0481470892737 , -0.0083349524405 , 0.242569938075 , 0.0260837357308 , 1.44678608318 , trigonometry_1.5
-0.0478723399934 , -0.0135392649725 , 0.293149222925 , 0.0581078805947 , 1.52671040866 , quadratic_equation
-0.0477678992671 , 0.0121990165151 , 0.337989952419 , 0.028517085917 , 1.58245178997 , solving_for_the_y-intercept
-0.0477281759443 , 0.00311459655943 , 0.337123705721 , 0.0508698469377 , 1.57258666818 , unit_circle
-0.0476953181915 , -0.0240355821998 , 0.337274028688 , 0.0586439322083 , 1.57839659067 , z_scores_3
-0.0462140901921 , 0.00679135252758 , 0.576255523191 , 0.0163349843509 , 1.75910787482 , divisibility
-0.0458309409432 , -0.00462823564535 , 0.659674117251 , -0.112462936756 , 1.79841642786 , measuring_angles
-0.0421600839658 , 0.0734170679462 , 2.90882629303 , -0.0139213354886 , 0.31438439742 , square_roots
-0.0382448320864 , 0.0108733213216 , 0.318829320293 , -0.0191513562553 , 1.57451409232 , percentage_word_problems_2
-0.0380861990376 , -0.0195508238838 , 0.352512500369 , 0.0279954927492 , 1.56222117429 , graphing_inequalities
-0.037196736145 , 0.00839815875581 , 0.534046028375 , -0.00425209967711 , 1.75395150791 , scaling_vectors
-0.0359793482138 , -0.0157973214278 , 0.725446151809 , 0.12052348527 , 1.8182366918 , multiplication_1
-0.0359014547642 , -0.0088829397534 , 0.757027645278 , -0.00267361829121 , 1.90662991485 , congruent_segments
-0.0290363242789 , -0.00167990472844 , 0.193541670419 , -0.0143295168517 , 1.39578565892 , herons_formula
-0.0290298317663 , 0.00235159887601 , 0.195737036773 , -0.00695349825378 , 1.41027400784 , distance_between_point_and_line
-0.0288585762497 , 0.0195010622122 , 0.236617212127 , -0.0409334225028 , 1.40633596817 , graphing_linear_equations
-0.028646161861 , -0.00642414143004 , 0.337408571064 , -0.0236739223821 , 1.58031440198 , combinations_1
-0.0286299908558 , -0.000786292261886 , 0.344423089748 , -0.00331935886221 , 1.63156736059 , range_of_a_function
-0.0282776904181 , 0.0175917542126 , 0.452222086441 , -0.0198465203012 , 1.69981699263 , significant_figures_1
-0.0281539949448 , 0.00682774944874 , 0.484077915356 , -0.00129251502023 , 1.70471913247 , multiplying_polynomials
-0.0281222046686 , -0.00214744291622 , 0.490894034911 , -0.0124992997355 , 1.76003625973 , multiplying_fractions_word_problems
-0.0280794284631 , 0.0031444361063 , 0.490000615854 , -0.0234344066741 , 1.7529158261 , prime_factorization
-0.0280771083834 , 0.00668909302722 , 0.520260801784 , 0.0606734867222 , 1.75674249681 , graphing_circles_2
-0.0278297685207 , -0.00789715021597 , 0.5532982189 , 0.125781321822 , 1.80533230305 , converting_decimals_to_percents
-0.0277300396305 , -0.0149432669463 , 0.545576491669 , 0.0859004680044 , 1.73151064059 , perimeter_1
-0.0267263998335 , -0.0303993696091 , 2.82733685097 , 0.00393640107786 , 0.357656218821 , adding_fractions_with_common_denominators
-0.0260348411658 , 0.0357568166275 , 0.928299393487 , -0.0198899082561 , 1.92914346783 , number_line
-0.0193155782969 , 0.00531239590365 , 0.213951098013 , -0.0141534044675 , 1.39447061492 , graphing_parabolas_2
-0.0192618822647 , -0.0134023809915 , 0.27013041284 , -0.0308433117551 , 1.49633685092 , exploring_standard_deviation_1
-0.0192270419098 , 0.00779807087117 , 0.269368560592 , -0.0137610479575 , 1.48577903206 , permutations_and_combinations_2
-0.0192240429599 , -3.91084309427e-05 , 0.271759183359 , -0.0241545393105 , 1.51254736015 , shaded_areas
-0.0192216109993 , -0.0146427869551 , 0.21535898069 , 0.0987117251601 , 1.40413745824 , multiplying_mixed_numbers_1
-0.0191275268623 , 0.0245303489187 , 0.318448928238 , -0.0186375886722 , 1.56949598694 , converting_repeating_decimals_to_fractions_2
-0.0190708175877 , 0.00422156645134 , 0.319473153412 , -0.0690758722619 , 1.58071431325 , graphing_systems_of_inequalities_2
-0.0190450602192 , -0.00816089358876 , 0.3554998145 , 0.0317566599141 , 1.586757797 , converting_repeating_decimals_to_fractions_1
-0.0190114296807 , -0.0177019557369 , 0.395038155462 , 0.0181920179151 , 1.61414014534 , simplifying_radicals
-0.0189176956324 , -0.0156357522017 , 0.437530849762 , -0.0442221160457 , 1.69826142172 , creating_box_and_whisker_plots
-0.0188083396215 , -0.0202072741704 , 0.437230262757 , 0.0120912488829 , 1.69510330431 , adding_and_subtracting_fractions
-0.0188043748969 , 0.0134267127095 , 0.503522162525 , 0.103774290917 , 1.74972368249 , slope_of_a_line
-0.0186424229446 , 0.00398068988121 , 0.502020964568 , -0.102085888766 , 1.7344085526 , solutions_to_systems_of_equations
-0.0185535507421 , -0.000146432068844 , 0.622683419807 , 0.149242599253 , 1.80999347555 , creating_bar_charts_1
-0.0185481875979 , -0.014424993709 , 0.538808132245 , 0.06672284998 , 1.79167964213 , reciprocal_trig_funcs
-0.0184533382503 , 0.0085269853242 , 0.701503057502 , 0.165075196999 , 1.83399085828 , negative_number_word_problems
-0.0183275624214 , -0.00065355771443 , 0.649748498295 , -0.0817850899748 , 1.81821004812 , perimeter_of_squares_and_rectangles
-0.0181781023837 , 0.0013594369352 , 0.676614815235 , 0.0571713528267 , 1.81984819067 , representing_numbers
-0.0177714659829 , -0.0159234023504 , 0.732694456829 , 0.158092882368 , 1.89943985261 , plotting_the_line_of_best_fit
-0.00971232043131 , -0.00510950975558 , 0.124461272293 , 0.0398794074824 , 1.25350990777 , solving_similar_triangles_2
-0.00965798061943 , 0.0207645960301 , 0.292571376762 , 0.0102555128665 , 1.51467626137 , dependent_probability
-0.00964718752078 , 0.00588181698583 , 0.246602718375 , 0.0308586507715 , 1.46619880479 , graphing_systems_of_equations
-0.00964064107334 , 0.00214975779068 , 0.240177504782 , -0.0040456043495 , 1.43487406778 , new_definitions_1
-0.00963771336021 , 0.00197549667728 , 0.249649548991 , 0.0386518131398 , 1.49208221888 , matrix_inverse_2x2
-0.00962896441534 , -0.00199427376658 , 0.235699869742 , -0.0860509083118 , 1.40062052352 , vertex_of_a_parabola
-0.0096102812913 , -0.0144069893775 , 0.241466455011 , 0.0537071231423 , 1.43159168845 , angle_bisector_theorem
-0.00960359443253 , -0.0194826197642 , 0.286212144077 , -0.00712082087028 , 1.47770345498 , pythagorean_theorem_1
-0.00957064002723 , 0.00523342635522 , 0.337961052527 , 0.0606614214657 , 1.58703156822 , empirical_rule
-0.00956422744915 , -0.00182974980012 , 0.344237387862 , 0.0770234396894 , 1.62628472437 , permutations_1
-0.00953821838567 , -0.000771478414332 , 0.345434643194 , 0.0278711845818 , 1.63486899053 , midpoint_of_a_segment
-0.0095312262553 , -0.00192560777337 , 0.340529815349 , 0.0368814143335 , 1.6059946775 , subtraction_4
-0.00951691588655 , 0.0246336920288 , 0.334516570583 , 0.0135853405394 , 1.55458582197 , linear_inequalities
-0.00948487057486 , -0.00864641661939 , 0.419219876133 , -0.0228841147085 , 1.68375000077 , conditional_statements_and_truth_value
-0.0094820217125 , 0.00942851036384 , 0.379034752663 , -0.0425648673083 , 1.62918379765 , exponent_rules
-0.00945366286693 , 0.0041659069843 , 0.419775222056 , 0.0156746062989 , 1.68764710789 , limits_2
-0.00944071330928 , 0.0203808436094 , 0.48682351068 , -0.0492898804689 , 1.72645076411 , inequalities_on_a_number_line
-0.00942587243375 , 0.0215497822637 , 0.414822629565 , -0.0294303477954 , 1.64556760406 , degrees_to_radians
-0.00935023010193 , -0.00426563756676 , 0.516090697585 , -0.0462581335016 , 1.71509783071 , completing_the_square_2
-0.00928034281831 , -0.0254107649757 , 0.740515299217 , -0.0657887976852 , 1.85541727405 , factoring_difference_of_squares_3
-0.00925592482793 , 0.0197784053806 , 0.690283333074 , 0.0497154765252 , 1.83110992613 , identifying_points_2
-0.009217592414 , 0.0283652402996 , 0.641220315967 , 0.0241057142301 , 1.85338818318 , reading_tables_2
-0.00920550628094 , 0.00470443130994 , 0.605460324946 , -0.036500333981 , 1.77992919545 , dividing_decimals_2
-0.00913380483023 , -0.0221247215694 , 0.668613533208 , 0.0345880153796 , 1.87302299057 , comparing_fractions_1
-0.00907116604972 , 0.0259616078336 , 0.581732773625 , -0.0396507110377 , 1.80966347071 , geometry_proofs_2
-0.00902386365736 , 0.00486029380915 , 0.743163125201 , -0.0169766744822 , 1.86691366192 , number_line_3
-0.00902019661885 , 0.0201337872102 , 0.743723465882 , 0.0238989517009 , 1.88306870175 , adding_decimals_0.5
-0.00900556102902 , -0.0235175768246 , 0.553159546117 , 0.0364190266082 , 1.79536098888 , conditional_statements_2
-0.0089284453867 , -0.00411318969035 , 0.817619069591 , -0.0475506079735 , 1.90751928713 , subtracting_decimals
-0.00882987024163 , 0.025451243882 , 0.689930270784 , -0.0689398462117 , 1.83171540188 , fraction_word_problems_1
-0.00863117112871 , -0.0222385958603 , 0.933461715627 , 0.028622207525 , 1.9766104681 , multiplying_and_dividing_negative_numbers
-0.00854827577576 , -0.00971596840079 , 1.01306068466 , -0.00394563981983 , 1.95476096845 , rotation_of_polygons
-0.00831389969179 , -0.0116629756168 , 1.00996735174 , 0.0549717438966 , 1.92856585893 , greatest_common_divisor
-0.00826340458847 , -0.0325092725445 , 0.973584834739 , 0.00789200001133 , 1.95811656201 , comparing_fractions_2
-0.00764960847351 , -0.0170822177418 , 1.05103560515 , 0.168509520642 , 1.95472822733 , converting_between_point_slope_and_slope_intercept
-0.00761507064781 , -0.0256571688886 , 1.239129466 , 0.124249427945 , 1.9149664138 , linear_equations_3
-0.00754623707489 , -0.0154723837004 , 1.38378971443 , 0.0603230703152 , 1.92878938986 , graphing_parabolas_1
-0.00706534029708 , 0.140764638232 , 2.56090593174 , 0.0279707854569 , 0.89502309513 , subtraction_1
-0.000362186928701 , 0.0590935269516 , 2.13646817081 , 0.000605624359437 , 1.37772686639 , graphing_points
-0.000323666867624 , 0.0287232610818 , 0.939759667991 , 0.0660465289048 , 1.92872334685 , estimation_with_decimals
-9.90953414959e-05 , -0.0155241247121 , 0.595962110122 , -0.02633677527 , 1.81500727935 , dividing_fractions_word_problems
-5.41922311717e-05 , -0.0114883270135 , 0.429843498394 , -0.0238646644511 , 1.65283491902 , segment_addition
-3.55788756628e-05 , -0.00472399936021 , 0.323945668703 , -0.0189459720216 , 1.60650076962 , limits_1
-2.85104401031e-05 , -0.0202536244454 , 0.322381787965 , -0.0153445569936 , 1.60450427159 , linear_equations_4
-2.27754176765e-05 , -0.00981029505179 , 0.315303211816 , 0.0778663405245 , 1.5551102613 , graphing_parabolas_0.5
-8.18669210508e-06 , 0.00400374260569 , 0.436162726568 , -0.0103339690175 , 1.69315601173 , pythagorean_theorem_2
-4.96343088944e-06 , -0.00455290382393 , 0.217300573153 , 0.01643103952 , 1.41658632236 , converting_between_slope_intercept_and_standard_form
-1.31816776115e-06 , 0.0205658734218 , 0.312741874389 , -0.0237932272815 , 1.52929173714 , trigonometry_2
2.78745915093e-06 , 0.00352476246017 , 0.221848084879 , -0.000871395560073 , 1.43616757207 , rate_problems_2
3.52258025661e-06 , 0.00425267511397 , 0.399894356683 , -0.0270658174329 , 1.65324624105 , slope_intercept_form
4.96677306768e-06 , 0.00633441834305 , 0.270078206493 , 0.00920455934368 , 1.4990908519 , multistep_equations_with_distribution
5.48532023763e-06 , -0.0122662770541 , 0.265288890156 , -0.011061659133 , 1.46272408287 , rate_problems_1
7.01949980626e-06 , -0.00385191165705 , 0.264482459629 , 0.0202459836926 , 1.46082719149 , z_scores_2
9.38948756532e-06 , -0.00110872677862 , 0.365717028163 , 0.0178322093666 , 1.65438506923 , expressions_with_unknown_variables_2
2.05713812239e-05 , -0.0275805119194 , 0.402102934829 , -0.0337761396819 , 1.66942230226 , systems_of_equations_word_problems
2.07654991017e-05 , 0.000784558533307 , 0.162151060095 , -0.09392630942 , 1.33709485693 , limiting_reagent_stoichiometry
2.85658558284e-05 , 0.00597352632709 , 0.434310411947 , -0.0412025338373 , 1.67611705739 , systems_of_equations
3.26570012359e-05 , -0.00662491034835 , 0.162485197097 , 0.0534125097267 , 1.33734964242 , geometry_proofs_intro
3.94365670501e-05 , 0.00126201090406 , 0.270792803441 , 0.0884334693198 , 1.50527206603 , solving_quadratics_by_factoring
4.82984629296e-05 , -0.0179910646135 , 0.758743101532 , -0.0175994315473 , 1.91771584292 , division_2
6.22568882151e-05 , -0.00350506123957 , 0.431232259247 , 0.0455272173344 , 1.65407093294 , special_derivatives
7.88898701389e-05 , 0.00339444809276 , 0.848859019795 , -0.0843358022126 , 1.89066503382 , reading_pictographs_1
0.000107476795116 , -0.013870309278 , 0.401080909717 , 0.00850427880376 , 1.6617646735 , inscribed_angles_1
0.000116167193364 , 0.0150563249751 , 0.560939341822 , -0.0264813438497 , 1.75026462378 , quadrilateral_types
0.00817946037083 , 0.00285698690968 , 1.20486370032 , -0.0232009185752 , 1.90681821728 , decimals_on_the_number_line_2
0.00886905020679 , -0.0160746474119 , 0.816518963768 , -0.00655961514938 , 1.89919341278 , comparing_absolute_values
0.00887588542649 , -0.0141498370442 , 0.769809076394 , -0.0194531689116 , 1.90563330109 , area_of_squares_and_rectangles
0.00894166628853 , -0.00222083563243 , 0.768326660276 , 0.0863438531566 , 1.87936219682 , comparing_improper_fractions_and_mixed_numbers
0.00895797748212 , 0.0297696575248 , 0.483724890127 , 0.0963884929217 , 1.70107155465 , converting_fractions_to_decimals
0.00905926453455 , 0.0318019585312 , 0.611734612339 , -0.0326577224633 , 1.83499788015 , counting_1
0.00910063972012 , 0.020522520411 , 0.486966203337 , 0.134097506604 , 1.72608799202 , probability_1
0.00915136466181 , -0.0609720772648 , 0.611049328817 , 0.010995996924 , 1.82082277809 , composite_numbers
0.00920768201923 , 0.00832741025807 , 0.553297647036 , 0.107981171762 , 1.79325989309 , angles_1
0.00923443712691 , -0.0147696456866 , 0.549458410501 , -0.0629629424214 , 1.75784414857 , multiplication_2
0.00924629696974 , 0.0231731177891 , 0.485887822155 , 0.0412279691188 , 1.72093974165 , product_rule
0.00934531281668 , -0.010960912433 , 0.578605108314 , 0.0605228848156 , 1.77632474104 , fractions_cut_and_copy_1
0.00935453826116 , -0.00576311353795 , 0.519720415406 , 0.0202626569576 , 1.75853743746 , factoring_linear_binomials
0.00937571645333 , 0.0170277908351 , 0.457118072132 , 0.0237543810456 , 1.73244032654 , quotient_rule
0.00940932687258 , -0.0459940377709 , 0.66767605121 , 0.0330634419775 , 1.85896311459 , multiplying_fractions_0.5
0.00941235569707 , 0.0153536044803 , 0.486295904176 , -0.00308175371481 , 1.72120982171 , systems_of_equations_with_elimination
0.00943110644105 , 0.000447387613976 , 0.454041364435 , -0.0890033317202 , 1.71319412153 , exponents_3
0.00943164325586 , -0.00482162663991 , 0.41221316483 , -0.0448629129302 , 1.62316772894 , telling_time_2
0.00946727611166 , 0.0205419738229 , 0.418577814712 , -0.0264988800656 , 1.67795739743 , equation_of_a_line
0.00946909701524 , 0.0120152043087 , 0.377589730685 , 0.00601251174463 , 1.6200060834 , angles_2
0.00948053211154 , 0.00524010424595 , 0.376257726814 , 0.0773761213952 , 1.60775221436 , factoring_polynomials_1
0.00948271339624 , 0.000812907700362 , 0.329282961767 , 0.0699971599087 , 1.52371214002 , matrix_addition_and_subtraction
0.00948396491645 , -0.0182127570946 , 0.377376974828 , -0.0572439107627 , 1.61366429761 , logarithms_1.5
0.00953867005998 , -0.00325683760324 , 0.337304478159 , 0.027283221697 , 1.57218809618 , units
0.00953918359821 , 0.00661953004261 , 0.292364153887 , 0.0684852784755 , 1.51873781736 , age_word_problems
0.00954629068901 , 0.00711822461902 , 0.3324753378 , 0.00835487302828 , 1.53739539958 , factoring_polynomials_by_grouping_1
0.00955259262944 , 0.00947486359885 , 0.290999193968 , 0.0785707855838 , 1.50966713284 , factoring_polynomials_2
0.0095604115856 , 0.00854938339142 , 0.337654913862 , 0.0737140348719 , 1.58079733064 , functions_2
0.00956572601387 , -0.0330997695594 , 0.551484266927 , 0.0947647055715 , 1.79155190217 , similar_triangles_1
0.00957636416696 , -0.00230218255774 , 0.300135999904 , 0.038924729922 , 1.5713280125 , balancing_chemical_equations
0.00959179691201 , -0.0101203900244 , 0.292355309685 , 0.0211958763114 , 1.51123270931 , completing_the_square_1
0.00962213606027 , 0.0142673021643 , 0.297707216626 , -0.00161095784482 , 1.55227405352 , solving_quadratics_by_factoring_2
0.0096260369039 , 0.00544224213375 , 0.236412873802 , 0.00411380706617 , 1.40259858216 , multiplying_a_matrix_by_a_vector
0.00962734021262 , 0.00603849549899 , 0.245703196477 , 0.00725519591662 , 1.46678296034 , graphing_inequalities_2
0.00963686816311 , -0.0160491901102 , 0.291790379713 , 0.0346560250732 , 1.51490909475 , inverses_of_functions
0.00973239469825 , -0.0152672204085 , 0.334789712443 , 0.0980273855381 , 1.55952382671 , solutions_to_quadratic_equations
0.00976667873668 , -0.000979522000984 , 0.0563396561691 , -0.00570437595138 , 1.15683067083 , ideal_stoichiometry
0.00976692929686 , 0.000978882052437 , 0.0493960187575 , 0.00530104922077 , 1.11301636211 , point_slope_form
0.0126178955307 , 0.0445440015595 , 2.07039995119 , 0.00878649038692 , 1.4796560922 , quadrilateral_angles
0.0145100024573 , 0.0154664130869 , 1.60218113563 , 0.034020904613 , 1.76338404835 , graphing_circles
0.015757012912 , -0.0604024972764 , 2.92939707452 , -0.064295567397 , 0.345329495522 , triangle_angles_1
0.0161458261001 , -0.0307776604171 , 1.37129442222 , 0.0585395077917 , 1.91985117636 , writing_expressions_1
0.0162594087007 , -0.0740612911401 , 1.02279037373 , -0.0788567775078 , 1.9229951141 , one_step_equations
0.017100353617 , -0.00643988805034 , 0.917524700233 , 0.101127549192 , 1.93284288288 , divisibility_0.5
0.0172428882953 , 0.0556289420529 , 0.701935097149 , 0.14533561557 , 1.8345955651 , axis_of_symmetry
0.0172692057213 , 0.0369223104534 , 0.872703185843 , 0.040309729176 , 1.91064067551 , multiplication_0.5
0.0175521818642 , -0.00337061634652 , 0.874401560062 , 0.0719288044709 , 1.93022864305 , adding_and_subtracting_decimals_word_problems
0.0181125004098 , 0.0103466706974 , 0.729880816166 , -0.084939444956 , 1.86486773188 , reading_bar_charts_2
0.0181568386955 , 0.000736841078677 , 0.701515845424 , 0.0947647245174 , 1.82904735835 , order_of_operations
0.0181863705581 , -0.032906357225 , 0.436905521825 , -0.15578684533 , 1.70147945645 , domain_and_range_0.5
0.0182527878063 , 0.00235445583543 , 0.651755553893 , -0.0300925498862 , 1.84396352803 , arithmetic_word_problems_1
0.0184535622387 , -0.00346942132106 , 0.591766998618 , -0.0317662517188 , 1.76556532923 , radical_equations
0.0185155478984 , -0.0053796972931 , 0.564470451462 , 0.017776947733 , 1.76655944706 , congruent_angles
0.0188439071148 , -0.00979083775888 , 0.473745048808 , 0.108825506847 , 1.73569121365 , fractions_cut_and_copy_2
0.0188888244443 , -0.0170632037156 , 0.391858581543 , -0.0643968628396 , 1.60682911024 , exploring_angle_pairs_1
0.0189258398102 , -0.0151579754507 , 0.436961225495 , 0.0893083406815 , 1.69430842783 , adding_fractions
0.0189315636891 , -0.0102142605134 , 0.472044923515 , 0.0892539975809 , 1.72801087655 , solid_geometry
0.0189404973126 , -0.0170734355949 , 0.438696275434 , 0.0210400499068 , 1.71710093033 , shifting_and_reflecting_functions
0.0189541052911 , -0.0149842648571 , 0.392658294234 , 0.0367182347124 , 1.60291891142 , telling_time
0.0189992407684 , 0.0110686728868 , 0.360289947617 , 0.058596660599 , 1.61349708354 , functions_3
0.0190150389352 , -0.00508214417677 , 0.356855545374 , -0.00470891699177 , 1.59301469028 , markup_and_commission_word_problems
0.0190194376342 , 0.0186481730595 , 0.401159282883 , -0.0237608087619 , 1.67266396548 , the_fundamental_theorem_of_arithmetic
0.0190450863039 , -0.00172058671117 , 0.350693102096 , 0.0269101994301 , 1.55493399584 , matrix_dimensions
0.0190861623944 , -0.0203328894206 , 0.399044439573 , 0.0856041838986 , 1.64784349777 , radius_diameter_and_circumference
0.019116626829 , 0.00301708085441 , 0.314198161495 , 0.0602760561255 , 1.53445723412 , line_relationships
0.019161676202 , -0.0188398836233 , 0.31552966192 , -0.0295619682091 , 1.554891751 , multiplying_complex_numbers
0.0192151110817 , 0.00394942111414 , 0.316765369402 , -0.0690423728442 , 1.55532601056 , visualizing_derivatives
0.0193290750497 , -0.0106298750073 , 0.225393480081 , -0.0176641031069 , 1.46784999215 , standard_deviation
0.0214344485502 , 0.00337405254755 , 1.70452513287 , 0.0442533411111 , 1.7510372777 , angle_types
0.0228221583357 , -0.119378834326 , 2.92237994159 , -0.0612537695504 , 0.323039154609 , solving_similar_triangles_1
0.0234001647289 , 0.0657159768487 , 2.93076909398 , -0.0234255287949 , 0.289986365719 , absolute_value
0.0252546903134 , 0.0424224443829 , 2.9152103056 , -0.0599248289697 , 0.334976303194 , area_1
0.0258639625544 , 0.0318007759945 , 0.909326571854 , 0.0295953335468 , 1.9525169237 , place_value
0.0263443073299 , -0.0149249462644 , 0.837293879545 , -0.116133158663 , 1.88812990029 , multiplication_4
0.0266726684127 , 0.0271100200081 , 0.764878401533 , 0.0553814817191 , 1.86328156263 , logical_arguments_deductive_reasoning
0.0267464255178 , -0.0133910873296 , 0.789699704705 , 0.00196640848808 , 1.86100086796 , division_4
0.0267856439926 , -0.0506843023684 , 0.888886411638 , 0.0280032755818 , 1.9583721713 , expressing_ratios_as_fractions
0.0268594492267 , 0.0194580932473 , 0.76863764971 , 0.0078952366365 , 1.89245088252 , addition_4
0.0268832970555 , 0.0375193309991 , 0.718225581064 , 0.0191822007838 , 1.87144840112 , rate_problems_0.5
0.0270258297103 , -0.00818861133195 , 0.719902838705 , -0.0677439551123 , 1.89247901173 , divisibility_tests
0.0273549799102 , -0.0289884869911 , 0.663971774085 , 0.00901577172027 , 1.83805170901 , reading_bar_charts_3
0.0273708692792 , 0.00222536607212 , 0.639252090214 , 0.0963971314598 , 1.83494986027 , exploring_mean_and_median
0.0274706913567 , -0.0222622648192 , 0.637090478818 , -0.0247516011994 , 1.82552701172 , plugging_in_values
0.0275128848687 , 0.019484060358 , 0.608784909993 , 0.0803478698187 , 1.80020291913 , pythagorean_identities
0.0275666527754 , -0.0155366637718 , 0.612067229239 , -0.0758304861881 , 1.82763374425 , multiplying_decimals
0.0277101907292 , 0.0208351615564 , 0.548177008889 , -0.0091495524102 , 1.75101609149 , congruency_postulates
0.0277450889142 , -0.0153440901767 , 0.582310988602 , 0.00824227437488 , 1.81155831679 , multiplying_expressions_0.5
0.0279216236615 , -0.0268479923542 , 0.481946707697 , -0.0472514855641 , 1.68964565241 , the_complex_plane
0.0279660759455 , -0.00412451813208 , 0.51784550775 , -0.0216460135843 , 1.73669728864 , dividing_fractions
0.0280121263341 , 0.000369883964516 , 0.512748946472 , 0.0625113188903 , 1.69872238638 , functions_1
0.0281169776655 , 0.0185742819776 , 0.457809081684 , 0.0755512158914 , 1.73370388697 , equation_of_an_ellipse
0.0281197787887 , -0.0110231761644 , 0.489307415299 , 0.0371379765808 , 1.73785266886 , least_common_multiple_and_greatest_common_divisor_word_problems
0.0281994343638 , 0.0101202711727 , 0.452454063441 , 0.0757745991537 , 1.70486586079 , domain_of_a_function
0.0285426688843 , -0.0182373852417 , 0.376799419014 , 0.0373908375501 , 1.61210331497 , logarithms_1
0.0285954240193 , -0.0139069399874 , 0.333856578395 , -0.017142216925 , 1.55301580745 , trig_addition_identities
0.0287259171555 , 0.00501969419512 , 0.296570254876 , 0.117563351577 , 1.54852402221 , equation_of_a_circle_2
0.0287599163467 , -0.00271520416788 , 0.296379623348 , -0.0487937693489 , 1.55233983054 , multiplying_a_matrix_by_a_matrix
0.0287733405334 , -0.00784109730001 , 0.299088140502 , 0.0164367003213 , 1.56359909313 , new_definitions_2
0.028855734729 , 0.0166254070292 , 0.244861932905 , 0.0122718515313 , 1.4583398293 , geometry_proofs_1
0.0288722197201 , -0.0079707652441 , 0.245568318399 , -0.0054819424791 , 1.45610143713 , graphs_of_inequalities
0.0290214947547 , -0.00740880641883 , 0.186454028533 , -0.0156973220215 , 1.35618675476 , dividing_complex_numbers
0.0290262708966 , -0.00642384375487 , 0.189776948976 , 0.00120408904889 , 1.37173172154 , z_scores_1
0.0290299619905 , -0.00848353959525 , 0.196951595847 , -0.00226749615067 , 1.42009953512 , multiplying_and_dividing_scientific_notation
0.0290425705936 , -0.00301157404181 , 0.192716483224 , 0.0326858060926 , 1.39347422899 , circles_and_arcs
0.0316295026014 , 0.00051419283717 , 1.35416946594 , 0.079800964469 , 1.88955634724 , recognizing_fractions
0.0323812186481 , 0.0323543379962 , 1.11823279162 , 0.133720408983 , 1.91222949009 , arithmetic_word_problems
0.0332619207168 , -0.0141719038252 , 1.12242349114 , -0.02603051485 , 1.96062920011 , factoring_difference_of_squares_2
0.0345925343631 , 0.0291694686302 , 0.851828634933 , 0.0894409611 , 1.93199598003 , measuring_segments
0.0352377860904 , 0.00595274275387 , 0.875707487367 , 0.0426220730171 , 1.94216388065 , ordering_negative_numbers
0.0362252595443 , 0.00928827823205 , 0.677245347451 , 0.0923818063832 , 1.82878381844 , dividing_fractions_0.5
0.0362552498751 , -0.0297085163396 , 0.70358377605 , 0.0134647492684 , 1.84237141525 , multiplying_radicals
0.0363163211727 , -0.0136714801407 , 0.702472461272 , 0.0110708097571 , 1.82873248858 , reading_pictographs_2
0.0369062265255 , 0.011365389154 , 0.567679962038 , 0.0630044337945 , 1.79138851128 , converting_decimals_to_fractions_2
0.0369734118537 , 0.016076752344 , 0.56559123383 , 0.0633406990301 , 1.78763748586 , radians_and_degrees
0.0370079994326 , -0.0106726850921 , 0.567539320821 , 0.00221094431572 , 1.79531048641 , chain_rule_1
0.0370151413428 , -0.0316437898298 , 0.534891947408 , -0.0631847969823 , 1.7579016934 , defined_and_undefined_matrix_operations
0.0370665987032 , -0.0055598801725 , 0.569367346411 , 0.0279405413798 , 1.81874702453 , ratio_word_problems
0.0375916143497 , -0.00876277735274 , 0.470432467284 , 0.0125283193697 , 1.70977986515 , independent_probability
0.0377482463622 , 0.00433864449845 , 0.434075459395 , 0.0540683958152 , 1.68313553485 , discount_tax_and_tip_word_problems
0.0377530891887 , -0.00527187611701 , 0.435674106723 , 0.0523204311574 , 1.68190580937 , even_and_odd_functions
0.0378105168034 , -0.0248651922339 , 0.392957152519 , -0.0851525046919 , 1.60650738858 , absolute_value_equations
0.0378990398779 , -0.0188372960486 , 0.399173324514 , -0.0373333899378 , 1.65406508178 , angles_of_a_polygon
0.0379763465421 , -0.00979088691322 , 0.396251534045 , 0.0264804644979 , 1.63651407897 , midpoint_formula
0.0380792680544 , -0.00204793961857 , 0.356306941694 , 0.0347638725651 , 1.58735196337 , systems_of_equations_with_substitution
0.0382519612829 , -0.0045300873444 , 0.319034999034 , -0.0326989670905 , 1.57554129953 , angle_addition_postulate
0.0382549462529 , 0.00926303418322 , 0.316679892906 , 0.0348139248135 , 1.56161687027 , matrix_inverse_3x3
0.0382603216112 , -0.00417475045001 , 0.314594447063 , -0.0140563918382 , 1.55042456675 , views_of_a_function
0.0383611358679 , 0.0090905246725 , 0.266002463087 , 0.133102358285 , 1.46809875299 , absolute_value_of_complex_numbers
0.0383864103063 , 0.0104478848801 , 0.270784829585 , 0.0874497592243 , 1.50080257133 , derivatives_1
0.0384012738759 , -0.00692744791774 , 0.271968272663 , -0.0902932894223 , 1.50878772117 , probability_with_perm_comb
0.0384793941402 , 0.00352662028012 , 0.27619928315 , -0.0820288409404 , 1.53379835409 , law_of_cosines
0.0384811053912 , 0.0157032873022 , 0.21748030418 , 0.0811247039206 , 1.41327703191 , adding_subtracting_mixed_numbers_1
0.0387968402557 , -0.00482842202933 , 0.161486130023 , -0.0272757435877 , 1.33481500571 , parallel_lines_2
0.0428836962068 , 0.0173423764967 , 1.01237694009 , -0.123234121575 , 1.94789068817 , translations_of_points_and_polygons
0.0433439879959 , -0.0611701156384 , 2.93458482087 , -0.0425734732913 , 0.329829716249 , cube_roots
0.0440086178077 , 0.0114838250206 , 0.83958235868 , 0.0905788972 , 1.91155610229 , arithmetic_word_problems_2
0.0447911988232 , 0.000232175009547 , 0.765636593014 , 0.0410117769043 , 1.86050536401 , average_word_problems
0.0451854031761 , 0.0037909694435 , 0.716149487169 , -0.0316027645006 , 1.84634898242 , mean_median_and_mode
0.0452084207776 , -0.0144171341574 , 0.691227396289 , -0.142215178042 , 1.86309903513 , graphing_systems_of_inequalities
0.0455361370208 , -0.0065846130388 , 0.665902161984 , 0.0467636600698 , 1.84001132136 , congruent_triangles_2
0.0458170042215 , -0.0335579878616 , 0.553480852943 , -0.24107599733 , 1.8111972988 , adding_subtracting_mixed_numbers_0.5
0.0459555212821 , 0.0294046904004 , 0.638609980209 , -0.04751660812 , 1.83717366097 , dividing_decimals_0.5
0.0462239161511 , 0.0188115964282 , 0.582510536021 , -0.0270842770228 , 1.80918175516 , lhopitals_rule
0.0464234376762 , 0.00517810644926 , 0.551063666945 , 0.0300863982155 , 1.78789110581 , writing_expressions_2
0.046729795322 , 0.0215658332859 , 0.484769151336 , 0.0862554072143 , 1.70863576239 , adding_vectors
0.0467385129824 , -0.0061938006342 , 0.518010918574 , 0.0556663825975 , 1.74894575683 , adding_and_subtracting_complex_numbers
0.0468253642161 , -0.00988650840047 , 0.486125196601 , 0.00184590129811 , 1.72369881255 , scalar_matrix_multiplication
0.0470905554554 , -0.0302416022817 , 0.448829402889 , -0.00698172523556 , 1.67728832307 , division_3
0.0472543052804 , 0.0121981298043 , 0.417458753219 , 0.0510615707182 , 1.66671533117 , compound_inequalities
0.047490751082 , -0.00249299762603 , 0.383113787572 , 0.0842520374942 , 1.66123531751 , expected_value
0.0476518546605 , 0.0132032813802 , 0.334331275004 , 0.0898497308275 , 1.55111140503 , inverse_trig_functions
0.0477869814062 , -0.0123139172074 , 0.334173171243 , 0.0190761944552 , 1.5554714937 , factoring_polynomials_with_two_variables
0.0481609148961 , 0.00757752713699 , 0.242276277166 , 0.0252250602924 , 1.44592872501 , variance
0.0524003774053 , -0.00028634899793 , 1.54394379178 , 0.0591891985225 , 1.85506332043 , matrix_transpose
0.0530854480183 , 0.0209313055837 , 1.49928168746 , -0.0191972490107 , 1.83559393992 , evaluating_expressions_1
0.0549108414777 , -0.0173238546407 , 0.62468672655 , 0.036949631484 , 1.8334734999 , converting_mixed_numbers_and_improper_fractions
0.0557525394142 , -0.0370137924622 , 0.54158718242 , 0.010034805305 , 1.82367323135 , radians_to_degrees
0.0561376156967 , -0.0183015805145 , 0.504546166871 , -0.00995561451175 , 1.75396095 , reading_line_charts_1
0.0563525477362 , -2.25700810794e-05 , 0.460867619097 , 0.0740270223674 , 1.64597710119 , area_of_triangles_1
0.0564074471346 , -0.00807361911216 , 0.467911664786 , 0.00365080158197 , 1.70119545412 , imaginary_unit_powers
0.0565723766411 , 0.0117856164036 , 0.436690728142 , 0.0375163742127 , 1.69546652864 , trigonometry_0.5
0.0566512245428 , -0.0230228516875 , 0.433917515827 , 0.0373541726067 , 1.67011840494 , areas_of_trapezoids_rhombi_and_kites
0.0568111629228 , -0.0320058159206 , 0.394653688961 , -0.0756770569442 , 1.62791697274 , areas_of_circles_and_sectors
0.0570502254513 , -0.015900901349 , 0.356146732302 , -0.0660753407802 , 1.59596252832 , counting_2
0.0570840286278 , -0.0127888257662 , 0.360683751289 , -0.0666195285758 , 1.61353048142 , expressions_with_unknown_variables
0.0574119195851 , 0.0108862272318 , 0.322757392642 , 0.0311505509741 , 1.60171705646 , power_rule
0.061281029535 , 0.00153884913275 , 0.907249127821 , -0.086535353475 , 1.89879157189 , adding_decimals
0.0618779423122 , 0.00204589201368 , 0.839765094359 , -0.0269790032974 , 1.908343759 , proportions_2
0.0620404914605 , -0.00624554689418 , 0.8149289448 , -0.08176451174 , 1.921269885 , rounding_numbers
0.0625017523004 , -0.00444000304562 , 0.791013787553 , 0.067825324533 , 1.88779433486 , division_1.5
0.0631062609705 , 0.0119014641553 , 2.92136768219 , -0.00263174078549 , 0.282307313839 , division_0.5
0.0634672745767 , 0.0196065611427 , 0.661663996122 , 0.152624972831 , 1.8023456173 , understanding_decimals_place_value
0.0646973215745 , 0.00384034846497 , 0.577475962407 , -0.0593541750413 , 1.77242713196 , points_lines_and_planes
0.0651748418323 , 0.0122152485955 , 0.52071840565 , 0.0747973167209 , 1.76613643477 , exponents_4
0.0706397335222 , 0.0332730398868 , 1.27845238177 , 0.122516073377 , 1.91210783367 , converting_decimals_to_fractions_1
0.0711784184236 , -0.0196344971831 , 0.806507302492 , 0.0110662503348 , 1.9201521424 , addition_2
0.0721878889345 , 0.0155643832404 , 0.731257960409 , 0.0142018366262 , 1.88283354216 , similar_triangles_2
0.0733734264788 , -0.0189738172228 , 1.20670731901 , 0.0396665085885 , 1.94761328179 , subtraction_2
0.073424573735 , 0.0455254152677 , 0.588745611297 , 0.0517864552652 , 1.73877493785 , simplifying_expressions_with_exponents
0.0747038968563 , 0.00661170167577 , 1.12816699095 , 0.0252224686641 , 1.91115806512 , triangle_types
0.0747885759416 , 0.00397845460127 , 0.499549034236 , 0.0972423188097 , 1.71282811389 , solving_for_a_variable
0.0749387435256 , 0.0200021187136 , 0.468979068379 , 0.102081046523 , 1.71539189865 , writing_proportions
0.0751006748304 , 0.00536835512924 , 0.469243508883 , 0.0570053158229 , 1.71954158764 , least_common_multiple
0.075819924923 , 0.00475059773108 , 0.395124001744 , 0.0410743391682 , 1.63757508641 , exponents_2
0.0766296534665 , -0.0539517205941 , 2.88172293477 , -0.00085432452393 , 0.329677515339 , identifying_points_1
0.0796216927004 , -0.0118353039945 , 0.838496807862 , 0.0226329586462 , 1.89079511609 , dividing_decimals_1
0.0821034057586 , 0.0140195562488 , 1.17715960448 , 0.0559920039479 , 1.91815550373 , recognizing_conic_sections
0.0823284256218 , 0.0316256641506 , 0.60782791258 , 0.105128236231 , 1.80235872782 , distance_formula
0.0828226717316 , -0.0251528499243 , 0.610740836722 , -0.0154933299262 , 1.81761603471 , combining_like_terms_2
0.0828429543399 , 0.00255264460144 , 0.613518037983 , 0.0122321994608 , 1.84713580309 , graphs_of_sine_and_cosine
0.0828756567503 , -0.0306032033326 , 0.582604040123 , -0.0955685320313 , 1.81516240245 , trigonometry_1
0.0851646698182 , 0.0239813011648 , 2.91672024697 , -0.0475415044505 , 0.31346488344 , ordering_fractions
0.085487700579 , 0.00951881853681 , 0.375933200197 , -0.00331408666988 , 1.59831944124 , percentage_word_problems_1
0.0864400796521 , -0.0375503428395 , 2.95151701602 , 0.0594537062507 , 0.265513030302 , square_roots_2
0.089388015198 , -0.00408103049472 , 0.776809648363 , -0.165002004494 , 1.86468440164 , recognizing_rays_lines_and_line_segments
0.0911762752771 , 0.0304738104782 , 1.14952317797 , -0.024440181889 , 1.94962258359 , proportions_1
0.0916850990476 , 0.0300468295709 , 0.625283530605 , 0.0548233135568 , 1.83832390333 , linear_equation_word_problems
0.0933855554078 , 0.0156192818346 , 0.500532949457 , 0.0542642174179 , 1.71757937807 , reading_stem_and_leaf_plots
0.0959870839909 , 0.0625696078637 , 2.93054114125 , 0.00894683022806 , 0.294415673124 , complementary_and_supplementary_angles
0.0994013760505 , -0.0013453480463 , 0.718122850054 , -0.00359471997742 , 1.85940390056 , multiplying_fractions
0.102165112438 , 0.00492584839825 , 0.551261233907 , -0.00209689080751 , 1.76555248657 , graphing_points_2
0.10265715618 , 0.0441736032055 , 2.90377214567 , -0.00159030086434 , 0.299137577704 , multiplication_1.5
0.102683094782 , -0.00590925036989 , 0.517859756054 , 0.04202188345 , 1.73601711616 , multiplying_expressions_1
0.10351476566 , 0.0155099772776 , 0.455478624132 , 0.00525077516136 , 1.72259442816 , dividing_decimals
0.104029171019 , 0.00341360171222 , 0.417089715059 , -0.0134018401091 , 1.66725631628 , adding_and_subtracting_polynomials
0.10590192482 , -0.0379515091286 , 1.98535991409 , -0.0145501240534 , 1.52136659988 , linear_equations_1
0.108772298296 , 0.00393301664656 , 2.91903002128 , -0.130499770113 , 0.301959839768 , vertical_angles
0.112665951953 , -0.0486415941308 , 1.30188038785 , 0.122974972193 , 1.86671665118 , interpreting_linear_equations
0.114471151135 , -0.137815158345 , 2.93926525834 , 0.0802810253927 , 0.290200698065 , factoring_difference_of_squares_1
0.11487016571 , 0.0369456169517 , 0.840098430773 , -0.00355701852718 , 1.9003363764 , number_line_2
0.120147062546 , -0.006241483699 , 0.579471630765 , -0.0690793977199 , 1.77546736223 , solving_for_the_x-intercept
0.120425539644 , -0.0241656288087 , 1.74977734744 , -0.022931099311 , 1.74662817685 , rounding_whole_numbers
0.121204670877 , 0.0103984401739 , 1.2434298321 , 0.00830514180085 , 1.94460145603 , fractions_on_the_number_line_1
0.122806909498 , 0.0657132505288 , 2.93588669447 , -0.0350714434437 , 0.250219152881 , telling_time_0.5
0.123459820746 , -0.0494632236989 , 0.870826208931 , -0.0184858717147 , 1.89070709371 , systems_of_equations_with_elimination_0.5
0.126391590842 , -0.0316025403665 , 0.7285901852 , -0.00202605784541 , 1.85658381331 , multiplication_3
0.130005656968 , 0.0921622831447 , 1.43401805296 , 0.0613259007766 , 1.89513474476 , solving_quadratics_by_taking_the_square_root
0.131217804861 , -0.119638001432 , 2.92631065489 , 0.0201053842316 , -0.314487053554 , equivalent_fractions_2
0.135585149066 , 0.00612633071719 , 0.716681669199 , 0.0619339578423 , 1.86496487412 , congruent_triangles_1
0.135870871807 , 0.0265427926172 , 0.692581580496 , 0.0675779601134 , 1.85808589237 , subtracting_fractions
0.151093423329 , 0.0427270723919 , 2.93373204056 , 0.0588021929274 , 0.398174145897 , equivalent_fractions
0.151537314041 , 0.0385732774822 , 0.765766789211 , 0.116293814279 , 1.8589349116 , distributive_property
0.165784372718 , -0.0410249288303 , 2.92725484638 , -0.0498747137582 , 0.312734846945 , scientific_notation
0.189991996635 , 0.0423275758182 , 1.32095197998 , 0.13446537112 , 1.92645581824 , division_1
0.193417727402 , -0.0357776037708 , 1.2698409138 , 0.0642673416499 , 1.93499193701 , exponents_1
0.197305561626 , 0.0159025436602 , 2.9270916637 , 0.021724437407 , 0.337133708455 , vertical_angles_2
0.206535359832 , 0.0273066816337 , 2.92432079921 , -0.0487676043354 , 0.306716324026 , addition_3
0.220341975969 , 0.109593861523 , 2.92588979135 , 0.0235288720166 , -0.30085880024 , fractions_on_the_number_line_3
0.225987799119 , 0.0567591148268 , 2.40058988376 , -0.0202321610187 , 1.09365622103 , adding_and_subtracting_radicals
